{"_default": {"1": {"name": "\u0420\u043e\u043c\u0447\u0438\u043a", "satiety": 0.7800257906395459, "max-satiety": 0.49285918905318965, "weight": 6.524396076527909, "money": 62.16317372129551, "factory": 2811, "salary": 94.13225746154785, "food": 740, "owner": "659028403806011402"}, "2": {"name": "\u043a\u0430\u0447\u0435\u0440\u044b\u0436\u043a\u0430", "satiety": 1.8701163474978124, "max-satiety": 1.3228756555322954, "weight": 7.623770892852568, "money": 17, "factory": -817, "salary": 10, "food": 0, "owner": "587722808398708766"}, "3": {"name": "\u0421\u0432\u0438\u043d\u0421\u0432\u0438\u043d\u044b\u0447", "satiety": 0.08967206418865356, "max-satiety": 1.5, "weight": 9, "money": 2.853500000000002, "factory": 21152, "salary": 14, "food": 0, "owner": "687371531026038969"}}}