{"_default": {"1": {"name": "\u0412\u043e\u0432\u0447\u0438\u043a", "satiety": 1.3550814566865783, "max-satiety": 1.5364226354167012, "weight": 10.801806795591926, "money": 7.635800000000003, "factory": 17648, "salary": 16, "food": 33, "goose-delay": -4125, "owner": "659028403806011402"}, "2": {"name": "\u0417\u0430\u043b\u0438\u0432\u043d\u0430\u044f\u042d\u043b\u044c\u0444\u0438\u0439\u043a\u0430", "satiety": 1.264808013305382, "max-satiety": 1.5, "weight": 11.496456640320064, "money": 10, "factory": 17803, "salary": 14, "food": 8, "goose-delay": -4100, "owner": "587722808398708766"}, "3": {"name": "\u0447\u0438\u043a\u0435\u043d_09_\u0441\u0432\u0438\u0441\u0442\u043e\u043a", "satiety": 1.3133246249227062, "max-satiety": 1.3228756555322954, "weight": 9.091419897249974, "money": 15, "factory": 17809, "salary": 13, "food": 8, "goose-delay": -3988, "owner": "266527238806044672"}, "4": {"name": "\u0420\u0436\u0430\u0432\u044b\u0439_\u043a\u0440\u0430\u043d", "satiety": 1.3255756959915976, "max-satiety": 1.5, "weight": 10.393080321194438, "money": 13, "factory": 18052, "salary": 16, "food": 8, "goose-delay": -3933, "owner": "700291770596196383"}, "5": {"name": "\u0410\u043d\u0430\u043b\u044c\u043d\u0430\u044f_\u041f\u0438\u0437\u0434\u043e\u0434\u0440\u043e\u0431\u0438\u043b\u043a\u0430_\u043d\u0430\u043f\u0430\u0440\u043e\u0432\u043e\u043c\u0434\u0432\u0438\u0433\u0430\u0442\u0435\u043b\u0435", "satiety": 1.8458860057559487, "max-satiety": 1.224744871391589, "weight": 12.892752533082763, "money": 2.719899999999992, "factory": 19606, "salary": 18, "food": 33, "goose-delay": -2079, "owner": "768860094410260500"}}}