{"_default": {"1": {"name": "\u0420\u043e\u043c\u0447\u0438\u043a", "satiety": 0.9639371883398198, "max-satiety": 3.796259391627766, "weight": 62.65727054377493, "money": 268.5419982672441, "factory": 21480, "salary": 93.13225746154785, "food": 121, "owner": "659028403806011402"}}}