{"_default": {"1": {"name": "\u0414\u043c\u0438\u0442\u0440\u0438\u0439", "satiety": 1.82795926539996, "max-satiety": 1.118033988749895, "weight": 5.430804940565788, "food": 199, "owner": "659028403806011402"}, "2": {"name": "\u041e\u043b\u0435\u0433", "satiety": 1.847488787274002, "max-satiety": 1.5, "weight": 9.675067202310089, "food": 199, "owner": "687371531026038969"}}}