{"_default": {"1": {"name": "\u0414\u0435\u043d\u0447\u0438\u043a", "satiety": 1.3913057644035716, "max-satiety": 1.3228756555322954, "weight": 10.647553822093574, "money": 13, "factory": 21258, "food": 99, "owner": "659028403806011402"}, "2": {"name": "Armstrong", "satiety": 2.7427764362788762, "max-satiety": 1.5, "weight": 12.409764390712967, "money": 13, "factory": 21393, "food": 97, "owner": "700291770596196383"}}}